county,municipality,Kvotflykting,of_which_unaccompanied_minors,Ordnat,of_which_unaccompanied_minors.1,Eget,of_which_unaccompanied_minors.2,Övriga,of_which_unaccompanied_minors.3,Anhöriga,of_which_unaccompanied_minors.4,total,of_which_unaccompanied_minors.5
BLEKINGE LÄN,KARLSHAMN,0.0,0.0,26.0,6.0,150.0,4.0,4.0,2.0,65.0,0.0,245.0,12.0
,KARLSKRONA,1.0,0.0,22.0,7.0,227.0,6.0,6.0,0.0,179.0,0.0,435.0,13.0
,OLOFSTRÖM,0.0,0.0,23.0,7.0,110.0,6.0,7.0,0.0,113.0,0.0,253.0,13.0
,RONNEBY,1.0,0.0,11.0,6.0,322.0,11.0,14.0,0.0,254.0,0.0,602.0,17.0
,SÖLVESBORG,0.0,0.0,23.0,5.0,57.0,1.0,0.0,0.0,41.0,0.0,121.0,6.0
BLEKINGE LÄN,Delsumma,2.0,0.0,105.0,31.0,866.0,28.0,31.0,2.0,652.0,0.0,1656.0,61.0
DALARNAS LÄN,AVESTA,0.0,0.0,34.0,11.0,522.0,11.0,9.0,0.0,160.0,0.0,725.0,22.0
,BORLÄNGE,0.0,0.0,15.0,12.0,232.0,24.0,3.0,0.0,184.0,0.0,434.0,36.0
,FALUN,13.0,0.0,68.0,10.0,79.0,6.0,1.0,0.0,34.0,0.0,195.0,16.0
,GAGNEF,5.0,0.0,13.0,10.0,4.0,0.0,0.0,0.0,4.0,0.0,26.0,10.0
,HEDEMORA,0.0,0.0,44.0,11.0,163.0,10.0,1.0,0.0,41.0,0.0,249.0,21.0
,LEKSAND,46.0,0.0,12.0,4.0,5.0,1.0,0.0,0.0,2.0,0.0,65.0,5.0
,LUDVIKA,0.0,0.0,62.0,15.0,197.0,5.0,7.0,0.0,53.0,0.0,319.0,20.0
,MALUNG-SÄLEN,0.0,0.0,27.0,5.0,8.0,1.0,0.0,0.0,1.0,0.0,36.0,6.0
,MORA,0.0,0.0,24.0,4.0,12.0,3.0,0.0,0.0,2.0,0.0,38.0,7.0
,ORSA,26.0,0.0,12.0,10.0,6.0,0.0,0.0,0.0,3.0,0.0,47.0,10.0
,RÄTTVIK,0.0,0.0,4.0,4.0,21.0,2.0,0.0,0.0,0.0,0.0,25.0,6.0
,SMEDJEBACKEN,0.0,0.0,28.0,2.0,18.0,1.0,1.0,0.0,4.0,0.0,51.0,3.0
,SÄTER,0.0,0.0,6.0,6.0,5.0,0.0,0.0,0.0,4.0,0.0,15.0,6.0
,VANSBRO,4.0,3.0,13.0,11.0,26.0,5.0,7.0,0.0,1.0,0.0,51.0,19.0
,ÄLVDALEN,2.0,0.0,21.0,8.0,5.0,2.0,0.0,0.0,0.0,0.0,28.0,10.0
DALARNAS LÄN,Delsumma,96.0,3.0,383.0,123.0,1303.0,71.0,29.0,0.0,493.0,0.0,2304.0,197.0
GOTLANDS LÄN,GOTLAND,11.0,0.0,27.0,13.0,19.0,1.0,0.0,0.0,44.0,0.0,101.0,14.0
GOTLANDS LÄN,Delsumma,11.0,0.0,27.0,13.0,19.0,1.0,0.0,0.0,44.0,0.0,101.0,14.0
GÄVLEBORGS LÄN,BOLLNÄS,5.0,0.0,24.0,11.0,277.0,16.0,2.0,0.0,101.0,0.0,409.0,27.0
,GÄVLE,9.0,0.0,26.0,14.0,291.0,19.0,9.0,1.0,221.0,0.0,556.0,34.0
,HOFORS,15.0,0.0,9.0,9.0,23.0,1.0,1.0,0.0,10.0,0.0,58.0,10.0
,HUDIKSVALL,42.0,0.0,30.0,18.0,41.0,5.0,0.0,0.0,13.0,0.0,126.0,23.0
,LJUSDAL,33.0,0.0,27.0,5.0,72.0,2.0,0.0,0.0,28.0,0.0,160.0,7.0
,NORDANSTIG,1.0,0.0,17.0,7.0,40.0,2.0,0.0,0.0,9.0,0.0,67.0,9.0
,OCKELBO,23.0,0.0,6.0,4.0,99.0,2.0,1.0,0.0,8.0,0.0,137.0,6.0
,OVANÅKER,29.0,0.0,15.0,7.0,115.0,5.0,0.0,0.0,44.0,0.0,203.0,12.0
,SANDVIKEN,8.0,0.0,25.0,20.0,281.0,7.0,2.0,0.0,199.0,0.0,515.0,27.0
,SÖDERHAMN,7.0,0.0,59.0,17.0,195.0,10.0,6.0,0.0,126.0,0.0,393.0,27.0
GÄVLEBORGS LÄN,Delsumma,172.0,0.0,238.0,112.0,1434.0,69.0,21.0,1.0,759.0,0.0,2624.0,182.0
HALLANDS LÄN,FALKENBERG,0.0,0.0,58.0,10.0,139.0,8.0,0.0,0.0,106.0,0.0,303.0,18.0
,HALMSTAD,0.0,0.0,66.0,11.0,300.0,19.0,13.0,2.0,185.0,0.0,564.0,32.0
,HYLTE,0.0,0.0,9.0,4.0,184.0,7.0,1.0,0.0,164.0,0.0,358.0,11.0
,KUNGSBACKA,0.0,0.0,23.0,8.0,17.0,0.0,1.0,0.0,28.0,0.0,69.0,8.0
,LAHOLM,0.0,0.0,31.0,4.0,80.0,2.0,1.0,1.0,150.0,0.0,262.0,7.0
,VARBERG,0.0,0.0,25.0,11.0,41.0,0.0,3.0,0.0,21.0,0.0,90.0,11.0
HALLANDS LÄN,Delsumma,0.0,0.0,212.0,48.0,761.0,36.0,19.0,3.0,654.0,0.0,1646.0,87.0
JÄMTLANDS LÄN,BERG,5.0,0.0,11.0,4.0,17.0,1.0,0.0,0.0,7.0,0.0,40.0,5.0
,BRÄCKE,0.0,0.0,23.0,10.0,32.0,2.0,1.0,1.0,35.0,1.0,91.0,14.0
,HÄRJEDALEN,20.0,0.0,48.0,7.0,20.0,2.0,0.0,0.0,12.0,0.0,100.0,9.0
,KROKOM,5.0,0.0,41.0,6.0,56.0,4.0,2.0,0.0,14.0,0.0,118.0,10.0
,RAGUNDA,3.0,0.0,22.0,7.0,29.0,2.0,2.0,0.0,2.0,0.0,58.0,9.0
,STRÖMSUND,25.0,0.0,40.0,3.0,21.0,0.0,1.0,0.0,23.0,0.0,110.0,3.0
,ÅRE,48.0,0.0,23.0,8.0,31.0,0.0,0.0,0.0,14.0,0.0,116.0,8.0
,ÖSTERSUND,33.0,0.0,126.0,21.0,137.0,2.0,3.0,0.0,69.0,0.0,368.0,23.0
JÄMTLANDS LÄN,Delsumma,139.0,0.0,334.0,66.0,343.0,13.0,9.0,1.0,176.0,1.0,1001.0,81.0
JÖNKÖPINGS LÄN,ANEBY,28.0,0.0,22.0,1.0,19.0,2.0,0.0,0.0,30.0,0.0,99.0,3.0
,EKSJÖ,0.0,0.0,6.0,4.0,90.0,5.0,2.0,0.0,23.0,0.0,121.0,9.0
,GISLAVED,31.0,0.0,44.0,5.0,216.0,10.0,0.0,0.0,129.0,0.0,420.0,15.0
,GNOSJÖ,8.0,0.0,18.0,1.0,65.0,0.0,0.0,0.0,23.0,0.0,114.0,1.0
,HABO,6.0,0.0,3.0,1.0,5.0,0.0,0.0,0.0,3.0,0.0,17.0,1.0
,JÖNKÖPING,4.0,0.0,56.0,13.0,372.0,11.0,4.0,0.0,129.0,0.0,565.0,24.0
,MULLSJÖ,3.0,0.0,8.0,5.0,4.0,0.0,0.0,0.0,2.0,0.0,17.0,5.0
,NÄSSJÖ,1.0,0.0,8.0,4.0,273.0,12.0,1.0,0.0,194.0,0.0,477.0,16.0
,SÄVSJÖ,0.0,0.0,6.0,1.0,109.0,3.0,1.0,0.0,100.0,0.0,216.0,4.0
,TRANÅS,0.0,0.0,26.0,8.0,88.0,1.0,0.0,0.0,23.0,0.0,137.0,9.0
,VAGGERYD,8.0,0.0,4.0,4.0,18.0,2.0,0.0,0.0,4.0,0.0,34.0,6.0
,VETLANDA,14.0,0.0,11.0,5.0,123.0,5.0,3.0,0.0,105.0,0.0,256.0,10.0
,VÄRNAMO,71.0,1.0,13.0,6.0,32.0,0.0,3.0,0.0,30.0,0.0,149.0,7.0
JÖNKÖPINGS LÄN,Delsumma,174.0,1.0,225.0,58.0,1414.0,51.0,14.0,0.0,795.0,0.0,2622.0,110.0
KALMAR LÄN,BORGHOLM,9.0,0.0,28.0,6.0,18.0,1.0,1.0,0.0,22.0,0.0,78.0,7.0
,EMMABODA,19.0,0.0,3.0,2.0,46.0,3.0,4.0,0.0,26.0,0.0,98.0,5.0
,HULTSFRED,0.0,0.0,45.0,11.0,247.0,17.0,3.0,0.0,115.0,0.0,410.0,28.0
,HÖGSBY,24.0,0.0,9.0,2.0,155.0,13.0,3.0,0.0,49.0,0.0,240.0,15.0
,KALMAR,26.0,0.0,71.0,15.0,94.0,4.0,1.0,0.0,83.0,0.0,275.0,19.0
,MÖNSTERÅS,1.0,0.0,7.0,3.0,66.0,7.0,0.0,0.0,49.0,1.0,123.0,11.0
,MÖRBYLÅNGA,10.0,0.0,18.0,2.0,23.0,2.0,0.0,0.0,3.0,0.0,54.0,4.0
,NYBRO,0.0,0.0,14.0,9.0,229.0,12.0,3.0,1.0,92.0,0.0,338.0,22.0
,OSKARSHAMN,10.0,0.0,37.0,8.0,82.0,5.0,2.0,0.0,30.0,0.0,161.0,13.0
,TORSÅS,7.0,0.0,17.0,4.0,37.0,2.0,1.0,0.0,9.0,0.0,71.0,6.0
,VIMMERBY,16.0,0.0,11.0,7.0,84.0,0.0,5.0,0.0,48.0,0.0,164.0,7.0
,VÄSTERVIK,3.0,0.0,47.0,16.0,156.0,6.0,2.0,1.0,81.0,0.0,289.0,23.0
KALMAR LÄN,Delsumma,125.0,0.0,307.0,85.0,1237.0,72.0,25.0,2.0,607.0,1.0,2301.0,160.0
KRONOBERGS LÄN,ALVESTA,0.0,0.0,15.0,7.0,128.0,10.0,0.0,0.0,67.0,0.0,210.0,17.0
,LESSEBO,0.0,0.0,6.0,5.0,112.0,9.0,3.0,2.0,119.0,0.0,240.0,16.0
,LJUNGBY,0.0,0.0,23.0,9.0,63.0,3.0,4.0,0.0,44.0,0.0,134.0,12.0
,MARKARYD,4.0,0.0,17.0,6.0,88.0,5.0,1.0,0.0,78.0,0.0,188.0,11.0
,TINGSRYD,14.0,0.0,29.0,6.0,95.0,6.0,6.0,0.0,49.0,0.0,193.0,12.0
,UPPVIDINGE,0.0,0.0,65.0,3.0,54.0,10.0,2.0,0.0,40.0,0.0,161.0,13.0
,VÄXJÖ,0.0,0.0,23.0,10.0,226.0,15.0,7.0,0.0,173.0,0.0,429.0,25.0
,ÄLMHULT,11.0,0.0,3.0,2.0,62.0,1.0,0.0,0.0,16.0,0.0,92.0,3.0
KRONOBERGS LÄN,Delsumma,29.0,0.0,181.0,48.0,828.0,59.0,23.0,2.0,586.0,0.0,1647.0,109.0
NORRBOTTENS LÄN,ARJEPLOG,3.0,0.0,8.0,3.0,0.0,0.0,0.0,0.0,21.0,0.0,32.0,3.0
,ARVIDSJAUR,1.0,0.0,9.0,0.0,6.0,0.0,0.0,0.0,18.0,0.0,34.0,0.0
,BODEN,0.0,0.0,13.0,10.0,105.0,3.0,1.0,0.0,82.0,0.0,201.0,13.0
,GÄLLIVARE,0.0,0.0,7.0,7.0,16.0,0.0,1.0,0.0,14.0,0.0,38.0,7.0
,HAPARANDA,16.0,0.0,7.0,5.0,17.0,0.0,0.0,0.0,19.0,0.0,59.0,5.0
,JOKKMOKK,14.0,0.0,8.0,5.0,12.0,0.0,0.0,0.0,17.0,0.0,51.0,5.0
,KALIX,7.0,1.0,15.0,7.0,7.0,2.0,0.0,0.0,5.0,0.0,34.0,10.0
,KIRUNA,0.0,0.0,7.0,7.0,36.0,3.0,1.0,0.0,19.0,0.0,63.0,10.0
,LULEÅ,15.0,0.0,41.0,8.0,36.0,5.0,0.0,0.0,21.0,0.0,113.0,13.0
,PAJALA,3.0,0.0,12.0,1.0,6.0,0.0,0.0,0.0,4.0,0.0,25.0,1.0
,PITEÅ,31.0,2.0,52.0,10.0,3.0,0.0,0.0,0.0,13.0,0.0,99.0,12.0
,ÄLVSBYN,6.0,0.0,15.0,5.0,21.0,0.0,0.0,0.0,11.0,0.0,53.0,5.0
,ÖVERKALIX,9.0,0.0,2.0,2.0,0.0,0.0,0.0,0.0,25.0,0.0,36.0,2.0
,ÖVERTORNEÅ,5.0,0.0,15.0,8.0,2.0,2.0,0.0,0.0,9.0,0.0,31.0,10.0
NORRBOTTENS LÄN,Delsumma,110.0,3.0,211.0,78.0,267.0,15.0,3.0,0.0,278.0,0.0,869.0,96.0
SKÅNE LÄN,BJUV,0.0,0.0,12.0,5.0,38.0,0.0,0.0,0.0,25.0,0.0,75.0,5.0
,BROMÖLLA,10.0,0.0,17.0,10.0,54.0,4.0,7.0,0.0,25.0,0.0,113.0,14.0
,BURLÖV,0.0,0.0,2.0,2.0,21.0,1.0,0.0,0.0,43.0,0.0,66.0,3.0
,BÅSTAD,0.0,0.0,6.0,2.0,31.0,1.0,0.0,0.0,27.0,0.0,64.0,3.0
,ESLÖV,8.0,0.0,25.0,20.0,43.0,2.0,1.0,0.0,22.0,0.0,99.0,22.0
,HELSINGBORG,0.0,0.0,19.0,14.0,473.0,20.0,5.0,0.0,268.0,0.0,765.0,34.0
,HÄSSLEHOLM,4.0,0.0,20.0,12.0,242.0,10.0,6.0,1.0,122.0,0.0,394.0,23.0
,HÖGANÄS,0.0,0.0,9.0,6.0,34.0,2.0,0.0,0.0,9.0,0.0,52.0,8.0
,HÖRBY,0.0,0.0,7.0,6.0,15.0,2.0,5.0,0.0,17.0,0.0,44.0,8.0
,HÖÖR,0.0,0.0,6.0,6.0,5.0,1.0,0.0,0.0,3.0,0.0,14.0,7.0
,KLIPPAN,0.0,0.0,9.0,1.0,26.0,1.0,2.0,0.0,12.0,0.0,49.0,2.0
,KRISTIANSTAD,0.0,0.0,20.0,17.0,384.0,22.0,2.0,0.0,180.0,0.0,586.0,39.0
,KÄVLINGE,0.0,0.0,15.0,4.0,13.0,0.0,0.0,0.0,8.0,0.0,36.0,4.0
,LANDSKRONA,0.0,0.0,13.0,11.0,139.0,8.0,1.0,0.0,133.0,0.0,286.0,19.0
,LOMMA,3.0,0.0,11.0,5.0,3.0,1.0,0.0,0.0,1.0,0.0,18.0,6.0
,LUND,0.0,0.0,14.0,13.0,84.0,0.0,4.0,0.0,63.0,0.0,165.0,13.0
,MALMÖ,1.0,0.0,44.0,38.0,875.0,58.0,21.0,0.0,678.0,0.0,1619.0,96.0
,OSBY,23.0,0.0,14.0,9.0,89.0,2.0,0.0,0.0,61.0,0.0,187.0,11.0
,PERSTORP,0.0,0.0,12.0,6.0,53.0,0.0,6.0,0.0,17.0,0.0,88.0,6.0
,SIMRISHAMN,0.0,0.0,25.0,6.0,142.0,8.0,4.0,0.0,64.0,0.0,235.0,14.0
,SJÖBO,0.0,0.0,32.0,7.0,10.0,0.0,0.0,0.0,1.0,0.0,43.0,7.0
,SKURUP,0.0,0.0,6.0,3.0,27.0,0.0,0.0,0.0,10.0,0.0,43.0,3.0
,STAFFANSTORP,0.0,0.0,4.0,2.0,11.0,2.0,0.0,0.0,1.0,0.0,16.0,4.0
,SVALÖV,0.0,0.0,15.0,11.0,41.0,6.0,2.0,0.0,20.0,0.0,78.0,17.0
,SVEDALA,0.0,0.0,22.0,3.0,14.0,0.0,0.0,0.0,1.0,0.0,37.0,3.0
,TOMELILLA,0.0,0.0,12.0,5.0,44.0,2.0,0.0,0.0,15.0,0.0,71.0,7.0
,TRELLEBORG,1.0,0.0,17.0,17.0,53.0,1.0,0.0,0.0,53.0,0.0,124.0,18.0
,VELLINGE,0.0,0.0,2.0,2.0,0.0,0.0,0.0,0.0,8.0,0.0,10.0,2.0
,YSTAD,0.0,0.0,8.0,4.0,69.0,9.0,0.0,0.0,21.0,0.0,98.0,13.0
,ÅSTORP,3.0,0.0,13.0,2.0,84.0,1.0,1.0,0.0,48.0,0.0,149.0,3.0
,ÄNGELHOLM,0.0,0.0,16.0,9.0,26.0,4.0,1.0,0.0,26.0,0.0,69.0,13.0
,ÖRKELLJUNGA,6.0,0.0,38.0,12.0,25.0,4.0,0.0,0.0,24.0,0.0,93.0,16.0
,ÖSTRA GÖINGE,1.0,0.0,10.0,3.0,202.0,5.0,5.0,0.0,150.0,0.0,368.0,8.0
SKÅNE LÄN,Delsumma,60.0,0.0,495.0,273.0,3370.0,177.0,73.0,1.0,2156.0,0.0,6154.0,451.0
STOCKHOLMS LÄN,BOTKYRKA,0.0,0.0,20.0,14.0,309.0,2.0,21.0,0.0,90.0,1.0,440.0,17.0
,DANDERYD,0.0,0.0,36.0,3.0,27.0,2.0,0.0,0.0,0.0,0.0,63.0,5.0
,EKERÖ,0.0,0.0,32.0,4.0,2.0,0.0,0.0,0.0,0.0,0.0,34.0,4.0
,HANINGE,0.0,0.0,33.0,29.0,80.0,9.0,5.0,0.0,47.0,0.0,165.0,38.0
,HUDDINGE,0.0,0.0,93.0,19.0,134.0,3.0,9.0,0.0,104.0,0.0,340.0,22.0
,JÄRFÄLLA,13.0,0.0,42.0,33.0,209.0,6.0,5.0,1.0,52.0,0.0,321.0,40.0
,LIDINGÖ,10.0,0.0,37.0,6.0,11.0,1.0,0.0,0.0,2.0,0.0,60.0,7.0
,NACKA,4.0,0.0,57.0,13.0,65.0,2.0,3.0,0.0,6.0,0.0,135.0,15.0
,NORRTÄLJE,0.0,0.0,22.0,17.0,44.0,5.0,3.0,2.0,61.0,0.0,130.0,24.0
,NYKVARN,2.0,0.0,7.0,7.0,7.0,1.0,0.0,0.0,9.0,0.0,25.0,8.0
,NYNÄSHAMN,0.0,0.0,24.0,8.0,9.0,0.0,1.0,0.0,17.0,0.0,51.0,8.0
,SALEM,0.0,0.0,15.0,2.0,44.0,2.0,0.0,0.0,10.0,0.0,69.0,4.0
,SIGTUNA,0.0,0.0,24.0,13.0,128.0,1.0,2.0,1.0,56.0,0.0,210.0,15.0
,SOLLENTUNA,0.0,0.0,45.0,6.0,99.0,4.0,0.0,0.0,54.0,0.0,198.0,10.0
,SOLNA,0.0,0.0,21.0,9.0,52.0,1.0,1.0,0.0,23.0,0.0,97.0,10.0
,STOCKHOLM,29.0,0.0,235.0,171.0,1158.0,58.0,41.0,2.0,624.0,1.0,2087.0,232.0
,SUNDBYBERG,5.0,0.0,22.0,3.0,176.0,9.0,8.0,0.0,42.0,0.0,253.0,12.0
,SÖDERTÄLJE,3.0,0.0,17.0,15.0,723.0,18.0,21.0,0.0,153.0,0.0,917.0,33.0
,TYRESÖ,11.0,0.0,28.0,15.0,16.0,3.0,2.0,0.0,18.0,0.0,75.0,18.0
,TÄBY,0.0,0.0,46.0,4.0,31.0,1.0,0.0,0.0,9.0,0.0,86.0,5.0
,UPPLANDS-BRO,0.0,0.0,31.0,16.0,41.0,1.0,1.0,0.0,18.0,0.0,91.0,17.0
,UPPLANDS-VÄSBY,0.0,0.0,90.0,38.0,49.0,1.0,3.0,0.0,24.0,0.0,166.0,39.0
,VALLENTUNA,0.0,0.0,5.0,3.0,4.0,1.0,0.0,0.0,2.0,0.0,11.0,4.0
,VAXHOLM,0.0,0.0,3.0,3.0,1.0,1.0,0.0,0.0,0.0,0.0,4.0,4.0
,VÄRMDÖ,10.0,0.0,16.0,12.0,20.0,0.0,0.0,0.0,4.0,0.0,50.0,12.0
,ÖSTERÅKER,0.0,0.0,45.0,11.0,24.0,0.0,0.0,0.0,5.0,0.0,74.0,11.0
STOCKHOLMS LÄN,Delsumma,87.0,0.0,1046.0,474.0,3463.0,132.0,126.0,6.0,1430.0,2.0,6152.0,614.0
SÖDERMANLANDS LÄN,ESKILSTUNA,0.0,0.0,64.0,30.0,659.0,19.0,24.0,0.0,256.0,0.0,1003.0,49.0
,FLEN,0.0,0.0,22.0,5.0,180.0,9.0,3.0,0.0,98.0,0.0,303.0,14.0
,GNESTA,0.0,0.0,19.0,4.0,4.0,2.0,0.0,0.0,7.0,0.0,30.0,6.0
,KATRINEHOLM,0.0,0.0,11.0,5.0,122.0,6.0,4.0,0.0,91.0,0.0,228.0,11.0
,NYKÖPING,8.0,0.0,14.0,12.0,73.0,3.0,17.0,0.0,66.0,0.0,178.0,15.0
,OXELÖSUND,0.0,0.0,19.0,5.0,98.0,2.0,6.0,0.0,93.0,0.0,216.0,7.0
,STRÄNGNÄS,0.0,0.0,12.0,10.0,50.0,3.0,1.0,1.0,26.0,0.0,89.0,14.0
,TROSA,0.0,0.0,14.0,0.0,15.0,0.0,0.0,0.0,5.0,0.0,34.0,0.0
,VINGÅKER,0.0,0.0,20.0,9.0,43.0,5.0,0.0,0.0,41.0,0.0,104.0,14.0
SÖDERMANLANDS LÄN,Delsumma,8.0,0.0,195.0,80.0,1244.0,49.0,55.0,1.0,683.0,0.0,2185.0,130.0
UPPSALA LÄN,ENKÖPING,0.0,0.0,32.0,4.0,60.0,4.0,1.0,0.0,48.0,0.0,141.0,8.0
,HEBY,19.0,0.0,13.0,9.0,17.0,2.0,5.0,0.0,6.0,0.0,60.0,11.0
,HÅBO,0.0,0.0,16.0,11.0,4.0,0.0,0.0,0.0,23.0,0.0,43.0,11.0
,KNIVSTA,5.0,0.0,7.0,7.0,10.0,1.0,0.0,0.0,10.0,0.0,32.0,8.0
,TIERP,0.0,0.0,4.0,3.0,24.0,0.0,0.0,0.0,31.0,0.0,59.0,3.0
,UPPSALA,4.0,0.0,90.0,47.0,368.0,26.0,8.0,0.0,324.0,0.0,794.0,73.0
,ÄLVKARLEBY,1.0,0.0,16.0,6.0,48.0,0.0,0.0,0.0,37.0,0.0,102.0,6.0
,ÖSTHAMMAR,19.0,0.0,6.0,6.0,11.0,0.0,0.0,0.0,14.0,0.0,50.0,6.0
UPPSALA LÄN,Delsumma,48.0,0.0,184.0,93.0,542.0,33.0,14.0,0.0,493.0,0.0,1281.0,126.0
VÄRMLANDS LÄN,ARVIKA,14.0,0.0,29.0,5.0,37.0,2.0,0.0,0.0,22.0,0.0,102.0,7.0
,EDA,3.0,0.0,21.0,3.0,4.0,0.0,0.0,0.0,22.0,0.0,50.0,3.0
,FILIPSTAD,0.0,0.0,13.0,6.0,120.0,3.0,2.0,0.0,75.0,0.0,210.0,9.0
,FORSHAGA,2.0,0.0,9.0,5.0,8.0,2.0,0.0,0.0,18.0,0.0,37.0,7.0
,GRUMS,7.0,0.0,14.0,5.0,20.0,1.0,0.0,0.0,54.0,0.0,95.0,6.0
,HAGFORS,0.0,0.0,15.0,8.0,89.0,4.0,1.0,0.0,20.0,0.0,125.0,12.0
,HAMMARÖ,0.0,0.0,9.0,4.0,6.0,0.0,0.0,0.0,8.0,0.0,23.0,4.0
,KARLSTAD,16.0,0.0,129.0,14.0,75.0,5.0,0.0,0.0,44.0,0.0,264.0,19.0
,KIL,5.0,0.0,2.0,2.0,1.0,0.0,0.0,0.0,0.0,0.0,8.0,2.0
,KRISTINEHAMN,15.0,0.0,26.0,10.0,151.0,7.0,0.0,0.0,128.0,0.0,320.0,17.0
,MUNKFORS,0.0,0.0,2.0,2.0,10.0,1.0,1.0,1.0,43.0,0.0,56.0,4.0
,STORFORS,14.0,0.0,13.0,4.0,27.0,0.0,0.0,0.0,15.0,0.0,69.0,4.0
,SUNNE,5.0,0.0,7.0,4.0,46.0,3.0,0.0,0.0,56.0,0.0,114.0,7.0
,SÄFFLE,0.0,0.0,33.0,6.0,115.0,6.0,1.0,0.0,50.0,0.0,199.0,12.0
,TORSBY,3.0,0.0,18.0,1.0,43.0,0.0,0.0,0.0,33.0,0.0,97.0,1.0
,ÅRJÄNG,17.0,0.0,8.0,4.0,11.0,2.0,5.0,0.0,17.0,0.0,58.0,6.0
VÄRMLANDS LÄN,Delsumma,101.0,0.0,348.0,83.0,763.0,36.0,10.0,1.0,605.0,0.0,1827.0,120.0
VÄSTERBOTTENS LÄN,BJURHOLM,7.0,0.0,8.0,3.0,4.0,0.0,0.0,0.0,3.0,0.0,22.0,3.0
,DOROTEA,30.0,0.0,6.0,4.0,7.0,0.0,0.0,0.0,14.0,0.0,57.0,4.0
,LYCKSELE,45.0,2.0,2.0,2.0,3.0,0.0,0.0,0.0,6.0,0.0,56.0,4.0
,MALÅ,8.0,0.0,12.0,6.0,3.0,3.0,0.0,0.0,10.0,0.0,33.0,9.0
,NORDMALING,10.0,0.0,13.0,8.0,19.0,0.0,0.0,0.0,3.0,0.0,45.0,8.0
,NORSJÖ,19.0,0.0,12.0,8.0,1.0,0.0,0.0,0.0,3.0,0.0,35.0,8.0
,ROBERTSFORS,0.0,0.0,30.0,4.0,4.0,0.0,0.0,0.0,3.0,0.0,37.0,4.0
,SKELLEFTEÅ,18.0,0.0,19.0,16.0,171.0,7.0,8.0,0.0,55.0,1.0,271.0,24.0
,SORSELE,4.0,0.0,10.0,7.0,1.0,1.0,0.0,0.0,29.0,0.0,44.0,8.0
,STORUMAN,19.0,0.0,18.0,6.0,1.0,1.0,1.0,0.0,21.0,0.0,60.0,7.0
,UMEÅ,6.0,0.0,35.0,16.0,55.0,1.0,2.0,0.0,87.0,0.0,185.0,17.0
,VILHELMINA,31.0,0.0,17.0,8.0,24.0,1.0,0.0,0.0,17.0,0.0,89.0,9.0
,VINDELN,16.0,0.0,14.0,8.0,0.0,0.0,0.0,0.0,13.0,0.0,43.0,8.0
,VÄNNÄS,0.0,0.0,13.0,1.0,0.0,0.0,0.0,0.0,8.0,0.0,21.0,1.0
,ÅSELE,14.0,0.0,8.0,6.0,0.0,0.0,0.0,0.0,7.0,0.0,29.0,6.0
VÄSTERBOTTENS LÄN,Delsumma,227.0,2.0,217.0,103.0,293.0,14.0,11.0,0.0,279.0,1.0,1027.0,120.0
VÄSTERNORRLANDS LÄN,HÄRNÖSAND,57.0,1.0,13.0,7.0,248.0,2.0,5.0,0.0,127.0,0.0,450.0,10.0
,KRAMFORS,8.0,0.0,83.0,10.0,94.0,1.0,3.0,0.0,33.0,0.0,221.0,11.0
,SOLLEFTEÅ,72.0,0.0,32.0,7.0,168.0,4.0,0.0,0.0,39.0,0.0,311.0,11.0
,SUNDSVALL,23.0,0.0,19.0,17.0,227.0,7.0,1.0,0.0,118.0,0.0,388.0,24.0
,TIMRÅ,0.0,0.0,12.0,8.0,35.0,5.0,0.0,0.0,19.0,0.0,66.0,13.0
,ÅNGE,6.0,0.0,7.0,7.0,6.0,0.0,1.0,0.0,12.0,0.0,32.0,7.0
,ÖRNSKÖLDSVIK,36.0,0.0,81.0,14.0,129.0,4.0,3.0,0.0,55.0,0.0,304.0,18.0
VÄSTERNORRLANDS LÄN,Delsumma,202.0,1.0,247.0,70.0,907.0,23.0,13.0,0.0,403.0,0.0,1772.0,94.0
VÄSTMANLANDS LÄN,ARBOGA,1.0,0.0,21.0,5.0,98.0,2.0,2.0,0.0,64.0,0.0,186.0,7.0
,FAGERSTA,0.0,0.0,7.0,2.0,136.0,5.0,1.0,0.0,103.0,0.0,247.0,7.0
,HALLSTAHAMMAR,7.0,0.0,18.0,8.0,46.0,2.0,0.0,0.0,30.0,0.0,101.0,10.0
,KUNGSÖR,0.0,0.0,32.0,8.0,38.0,0.0,0.0,0.0,37.0,0.0,107.0,8.0
,KÖPING,5.0,0.0,28.0,7.0,67.0,2.0,2.0,0.0,49.0,0.0,151.0,9.0
,NORBERG,0.0,0.0,19.0,8.0,65.0,3.0,0.0,0.0,16.0,0.0,100.0,11.0
,SALA,23.0,1.0,54.0,9.0,54.0,2.0,0.0,0.0,34.0,0.0,165.0,12.0
,SKINNSKATTEBERG,0.0,0.0,12.0,12.0,20.0,1.0,0.0,0.0,9.0,0.0,41.0,13.0
,SURAHAMMAR,0.0,0.0,41.0,6.0,24.0,0.0,0.0,0.0,9.0,0.0,74.0,6.0
,VÄSTERÅS,5.0,0.0,71.0,32.0,457.0,20.0,6.0,0.0,145.0,0.0,684.0,52.0
VÄSTMANLANDS LÄN,Delsumma,41.0,1.0,303.0,97.0,1005.0,37.0,11.0,0.0,496.0,0.0,1856.0,135.0
VÄSTRA GÖTALANDS LÄN,ALE,0.0,0.0,15.0,3.0,15.0,1.0,0.0,0.0,39.0,0.0,69.0,4.0
,ALINGSÅS,3.0,0.0,58.0,6.0,53.0,0.0,0.0,0.0,50.0,0.0,164.0,6.0
,BENGTSFORS,0.0,0.0,16.0,1.0,63.0,2.0,1.0,0.0,84.0,0.0,164.0,3.0
,BOLLEBYGD,0.0,0.0,7.0,2.0,5.0,0.0,0.0,0.0,3.0,0.0,15.0,2.0
,BORÅS,1.0,0.0,31.0,15.0,296.0,7.0,3.0,0.0,258.0,0.0,589.0,22.0
,DALS-ED,0.0,0.0,23.0,2.0,14.0,1.0,0.0,0.0,5.0,0.0,42.0,3.0
,ESSUNGA,11.0,0.0,13.0,1.0,0.0,0.0,0.0,0.0,6.0,0.0,30.0,1.0
,FALKÖPING,0.0,0.0,11.0,5.0,164.0,11.0,1.0,0.0,134.0,0.0,310.0,16.0
,FÄRGELANDA,13.0,0.0,12.0,5.0,20.0,5.0,0.0,0.0,13.0,0.0,58.0,10.0
,GRÄSTORP,0.0,0.0,14.0,0.0,9.0,0.0,0.0,0.0,5.0,0.0,28.0,0.0
,GULLSPÅNG,15.0,0.0,11.0,9.0,34.0,1.0,0.0,0.0,14.0,0.0,74.0,10.0
,GÖTEBORG,0.0,0.0,146.0,113.0,1187.0,86.0,21.0,3.0,765.0,1.0,2119.0,203.0
,GÖTENE,0.0,0.0,7.0,6.0,35.0,2.0,0.0,0.0,23.0,0.0,65.0,8.0
,HERRLJUNGA,2.0,2.0,2.0,2.0,9.0,0.0,2.0,1.0,27.0,0.0,42.0,5.0
,HJO,0.0,0.0,7.0,3.0,36.0,2.0,0.0,0.0,27.0,0.0,70.0,5.0
,HÄRRYDA,0.0,0.0,12.0,2.0,7.0,1.0,0.0,0.0,6.0,0.0,25.0,3.0
,KARLSBORG,0.0,0.0,16.0,6.0,24.0,1.0,0.0,0.0,13.0,0.0,53.0,7.0
,KUNGÄLV,0.0,0.0,22.0,5.0,12.0,1.0,0.0,0.0,6.0,0.0,40.0,6.0
,LERUM,0.0,0.0,12.0,9.0,8.0,3.0,0.0,0.0,15.0,0.0,35.0,12.0
,LIDKÖPING,0.0,0.0,27.0,7.0,34.0,1.0,2.0,0.0,18.0,0.0,81.0,8.0
,LILLA EDET,0.0,0.0,3.0,2.0,7.0,0.0,0.0,0.0,10.0,0.0,20.0,2.0
,LYSEKIL,0.0,0.0,15.0,3.0,102.0,3.0,0.0,0.0,53.0,0.0,170.0,6.0
,MARIESTAD,3.0,0.0,20.0,3.0,30.0,5.0,0.0,0.0,47.0,0.0,100.0,8.0
,MARK,4.0,0.0,38.0,14.0,34.0,1.0,0.0,0.0,25.0,0.0,101.0,15.0
,MELLERUD,1.0,0.0,29.0,3.0,101.0,4.0,1.0,0.0,96.0,0.0,228.0,7.0
,MUNKEDAL,0.0,0.0,14.0,4.0,31.0,1.0,0.0,0.0,41.0,0.0,86.0,5.0
,MÖLNDAL,0.0,0.0,32.0,32.0,30.0,4.0,0.0,0.0,48.0,0.0,110.0,36.0
,ORUST,0.0,0.0,23.0,4.0,6.0,0.0,0.0,0.0,1.0,0.0,30.0,4.0
,PARTILLE,0.0,0.0,22.0,12.0,15.0,0.0,1.0,0.0,30.0,0.0,68.0,12.0
,SKARA,0.0,0.0,15.0,7.0,95.0,2.0,4.0,1.0,76.0,0.0,190.0,10.0
,SKÖVDE,19.0,0.0,45.0,7.0,155.0,8.0,2.0,1.0,64.0,0.0,285.0,16.0
,SOTENÄS,0.0,0.0,22.0,3.0,3.0,1.0,0.0,0.0,0.0,0.0,25.0,4.0
,STENUNGSUND,6.0,0.0,22.0,4.0,13.0,0.0,0.0,0.0,14.0,0.0,55.0,4.0
,STRÖMSTAD,20.0,0.0,7.0,7.0,8.0,0.0,0.0,0.0,8.0,0.0,43.0,7.0
,SVENLJUNGA,0.0,0.0,22.0,2.0,29.0,0.0,3.0,0.0,30.0,0.0,84.0,2.0
,TANUM,19.0,0.0,30.0,7.0,14.0,0.0,0.0,0.0,11.0,0.0,74.0,7.0
,TIBRO,0.0,0.0,17.0,0.0,104.0,2.0,0.0,0.0,40.0,0.0,161.0,2.0
,TIDAHOLM,0.0,0.0,15.0,14.0,58.0,1.0,0.0,0.0,32.0,0.0,105.0,15.0
,TJÖRN,0.0,0.0,7.0,7.0,16.0,0.0,0.0,0.0,30.0,0.0,53.0,7.0
,TRANEMO,7.0,0.0,41.0,1.0,29.0,0.0,0.0,0.0,15.0,0.0,92.0,1.0
,TROLLHÄTTAN,0.0,0.0,16.0,13.0,168.0,14.0,3.0,0.0,177.0,0.0,364.0,27.0
,TÖREBODA,0.0,0.0,23.0,0.0,58.0,7.0,0.0,0.0,76.0,0.0,157.0,7.0
,UDDEVALLA,4.0,0.0,20.0,13.0,147.0,6.0,1.0,0.0,156.0,0.0,328.0,19.0
,ULRICEHAMN,2.0,0.0,28.0,9.0,58.0,4.0,1.0,0.0,45.0,0.0,134.0,13.0
,VARA,21.0,0.0,7.0,1.0,26.0,1.0,0.0,0.0,14.0,0.0,68.0,2.0
,VÅRGÅRDA,3.0,0.0,23.0,4.0,22.0,1.0,0.0,0.0,8.0,0.0,56.0,5.0
,VÄNERSBORG,0.0,0.0,19.0,5.0,168.0,4.0,3.0,0.0,198.0,0.0,388.0,9.0
,ÅMÅL,0.0,0.0,14.0,8.0,108.0,2.0,1.0,0.0,142.0,0.0,265.0,10.0
,ÖCKERÖ,0.0,0.0,0.0,0.0,1.0,0.0,0.0,0.0,0.0,0.0,1.0,0.0
VÄSTRA GÖTALANDS LÄN,Delsumma,154.0,2.0,1051.0,391.0,3661.0,196.0,50.0,6.0,2998.0,1.0,7914.0,596.0
ÖREBRO LÄN,ASKERSUND,3.0,0.0,12.0,2.0,55.0,1.0,0.0,0.0,43.0,0.0,113.0,3.0
,DEGERFORS,0.0,0.0,13.0,5.0,46.0,0.0,1.0,0.0,28.0,0.0,88.0,5.0
,HALLSBERG,7.0,0.0,9.0,1.0,64.0,3.0,1.0,0.0,38.0,0.0,119.0,4.0
,HÄLLEFORS,0.0,0.0,5.0,3.0,111.0,0.0,1.0,0.0,27.0,0.0,144.0,3.0
,KARLSKOGA,0.0,0.0,16.0,11.0,119.0,0.0,0.0,0.0,131.0,0.0,266.0,11.0
,KUMLA,5.0,0.0,20.0,5.0,35.0,2.0,0.0,0.0,15.0,0.0,75.0,7.0
,LAXÅ,9.0,0.0,40.0,20.0,37.0,1.0,1.0,0.0,20.0,0.0,107.0,21.0
,LEKEBERG,17.0,0.0,1.0,0.0,5.0,0.0,0.0,0.0,4.0,0.0,27.0,0.0
,LINDESBERG,1.0,0.0,22.0,10.0,213.0,11.0,4.0,0.0,112.0,0.0,352.0,21.0
,LJUSNARSBERG,0.0,0.0,6.0,4.0,86.0,3.0,2.0,0.0,35.0,0.0,129.0,7.0
,NORA,6.0,0.0,10.0,6.0,35.0,0.0,1.0,0.0,28.0,0.0,80.0,6.0
,ÖREBRO,9.0,0.0,69.0,26.0,371.0,25.0,11.0,3.0,154.0,0.0,614.0,54.0
ÖREBRO LÄN,Delsumma,57.0,0.0,223.0,93.0,1177.0,46.0,22.0,3.0,635.0,0.0,2114.0,142.0
ÖSTERGÖTLANDS LÄN,BOXHOLM,0.0,0.0,4.0,2.0,23.0,0.0,0.0,0.0,9.0,0.0,36.0,2.0
,FINSPÅNG,0.0,0.0,23.0,4.0,75.0,0.0,2.0,0.0,29.0,0.0,129.0,4.0
,KINDA,10.0,0.0,19.0,5.0,9.0,0.0,0.0,0.0,3.0,0.0,41.0,5.0
,LINKÖPING,1.0,0.0,36.0,30.0,166.0,7.0,8.0,1.0,118.0,0.0,329.0,38.0
,MJÖLBY,3.0,0.0,30.0,6.0,30.0,2.0,1.0,0.0,16.0,0.0,80.0,8.0
,MOTALA,30.0,0.0,43.0,13.0,218.0,4.0,0.0,0.0,97.0,0.0,388.0,17.0
,NORRKÖPING,0.0,0.0,50.0,19.0,517.0,24.0,9.0,0.0,245.0,0.0,821.0,43.0
,SÖDERKÖPING,6.0,0.0,9.0,7.0,1.0,1.0,0.0,0.0,3.0,0.0,19.0,8.0
,VADSTENA,0.0,0.0,15.0,6.0,12.0,1.0,0.0,0.0,5.0,1.0,32.0,8.0
,VALDEMARSVIK,4.0,0.0,37.0,6.0,50.0,6.0,0.0,0.0,44.0,0.0,135.0,12.0
,YDRE,0.0,0.0,18.0,5.0,0.0,0.0,0.0,0.0,6.0,0.0,24.0,5.0
,ÅTVIDABERG,0.0,0.0,19.0,8.0,22.0,4.0,0.0,0.0,33.0,0.0,74.0,12.0
,ÖDESHÖG,0.0,0.0,13.0,6.0,16.0,1.0,0.0,0.0,7.0,0.0,36.0,7.0
ÖSTERGÖTLANDS LÄN,Delsumma,54.0,0.0,316.0,117.0,1139.0,50.0,20.0,1.0,615.0,1.0,2144.0,169.0
,Totalt,1897.0,13.0,6848.0,2536.0,26036.0,1208.0,579.0,30.0,15837.0,7.0,51197.0,3794.0
